Domain,Pagespeed,Yslow,Onload,Full_load,Requests,Total_size
facebook.com/,87,90,4.8s,5.2s,60,1.18
yahoo.com/,36,46,10.5s,15.8s,500,2.22
live.com/,60,90,1.9s,2.9s,58,2.51
wikipedia.org/,98,87,2.0s,2.2s,8,62.6
msn.com/,39,55,6.0s,12.1s,430,2.11
microsoft.com/,62,78,3.1s,8.5s,147,1.25
blogspot.com/,81,84,1.3s,1.3s,61,1.74
baidu.com/,85,77,6.4s,8.1s,51,429
qq.com/,60,62,7.8s,8.6s,130,1.6
mozilla.com/,80,94,1.0s,1.5s,50,689
sina.com.cn/,29,38,33.4s,41.4s,451,8.13
wordpress.com/,79,73,4.2s,9.7s,100,9.43
bing.com/,24,96,0.7s,4.0s,116,4.05
adobe.com/,57,69,4.7s,8.1s,132,1.36
163.com/,63,49,25.3s,31.0s,335,4.1
taobao.com/,74,68,7.3s,16.2s,136,1.93
soso.com/,99,93,1.6s,2.2s,8,27.3
twitter.com/,89,93,2.8s,6.2s,52,1.14
youku.com/,4,64,14.7s,15.8s,276,13.9
ask.com/,49,63,2.7s,6.6s,191,2.47
sohu.com/,0,51,21.6s,36.7s,461,13.5
amazon.com/,47,73,1.1s,3.2s,378,3.61
windows.com/,39,61,6.6s,9.7s,231,5.54
ebay.com/,68,71,2.5s,7.6s,154,1.72
yahoo.co.jp/,55,66,7.1s,9.5s,133,1.16
apple.com/,74,81,2.4s,2.5s,59,1.73
tudou.com/,23,71,7.4s,9.4s,138,4.74
conduit.com/,68,59,2.1s,2.3s,64,747
hotmail.com/,60,90,1.9s,2.8s,58,2.51
flickr.com/,95,78,4.4s,4.8s,101,10.8
photobucket.com/,33,56,2.3s,16.9s,435,4.95
tianya.cn/,81,74,8.9s,16.2s,39,349
about.com/,50,68,2.8s,17.8s,96,18.6
cnet.com/,55,82,1.4s,18.3s,353,3.54
hao123.com/,54,63,9.0s,13.4s,149,2.98
iefxz.com/,84,75,5.2s,6.3s,33,717
xunlei.com/,84,75,9.1s,9.3s,36,1.46
paypal.com/,88,85,1.8s,3.9s,43,2.77
go.com/,49,74,3.1s,4.4s,90,2.38
fc2.com/,84,73,2.3s,2.3s,45,533
bbc.co.uk/,62,54,8.8s,10.7s,224,2.61
imdb.com/,51,56,5.5s,8.9s,197,1.83
orkut.com/,91,86,400ms,0.6s,16,1.01
sogou.com/,93,81,5.0s,5.4s,29,247
56.com/,0,42,10.5s,10.5s,455,16.2
aol.com/,28,51,9.0s,22.3s,636,11.8
craigslist.org/,84,89,1.2s,1.2s,12,158
rakuten.co.jp/,28,49,8.9s,20.2s,774,5.3
imageshack.us/,88,82,1.2s,1.3s,22,952
ku6.com/,0,66,8.1s,13.9s,134,28.5
blogger.com/,81,84,1.3s,1.4s,61,1.74
goo.ne.jp/,40,41,11.7s,12.5s,304,3.7
ifeng.com/,57,44,19.1s,19.9s,285,2.73
linkedin.com/,96,96,1.9s,3.2s,53,177
yandex.ru/,76,72,5.8s,11.7s,118,1.81
mail.ru/,43,45,13.0s,16.0s,440,2.61
partypoker.com/,53,62,8.8s,12.2s,259,3.74
answers.com/,90,82,1.8s,2.5s,34,3.09
alibaba.com/,12,63,7.8s,12.8s,449,10
hi5.com/,88,68,1.6s,1.9s,47,719
cnn.com/,37,51,9.1s,15.4s,433,6.08
amazon.co.jp/,54,70,3.3s,17.2s,326,3.88
4shared.com/,70,66,2.9s,3.2s,133,1.08
skype.com/,63,87,1.5s,1.8s,44,1.55
renren.com/,85,71,8.6s,8.7s,45,1.18
dailymotion.com/,57,60,11.0s,17.9s,238,4.71
naver.com/,40,67,3.7s,4.8s,115,2.38
weather.com/,34,77,1.5s,15.7s,568,3.04
mozilla.org/,80,92,1.1s,1.6s,46,814
mediafire.com/,72,79,4.9s,7.2s,90,1.04
bit.ly/,66,66,3.8s,6.9s,127,1.19
hp.com/,28,47,4.0s,7.5s,218,4.23
livedoor.jp/,73,69,4.9s,7.4s,72,1.05
ehow.com/,80,63,3.8s,4.7s,76,1.47
nifty.com/,44,49,8.7s,11.0s,459,1.82
vkontakte.ru/,75,71,5.6s,6.4s,53,1.06
alipay.com/,91,87,5.0s,5.0s,21,817
nytimes.com/,43,59,11.8s,13.7s,258,10
sourceforge.net/,51,57,2.7s,5.7s,217,1.06
fbcdn.net/,23,85,3.9s,4.4s,61,1.81
xtendmedia.com/,51,89,2.7s,3.3s,55,1.68
xinhuanet.com/,23,46,14.3s,27.2s,324,7.85
wikimedia.org/,92,81,0.6s,0.7s,22,195
pconline.com.cn/,66,69,9.8s,12.8s,73,966
daum.net/,50,74,3.9s,8.3s,114,1.6
4399.com/,76,63,6.3s,7.2s,83,843
bankofamerica.com/,83,92,2.2s,9.1s,130,1.37
ebay.de/,75,72,1.4s,5.1s,132,1.38
uol.com.br/,60,67,5.3s,14.5s,195,3.2
zol.com.cn/,71,58,45.0s,47.8s,154,1.14
mop.com/,0,50,9.3s,10.2s,145,8.88
alexa.com/,63,70,1.6s,2.5s,66,1.72
biglobe.ne.jp/,51,54,8.9s,9.9s,215,1.29
scribd.com/,77,76,2.0s,2.4s,102,1.45
softonic.com/,29,59,6.1s,12.4s,592,4.57
mapquest.com/,41,66,2.8s,12.0s,328,2.92
dell.com/,54,44,4.5s,7.8s,228,1.23
people.com.cn/,17,57,10.3s,10.3s,237,8.58
kaixin001.com/,79,48,10.9s,15.0s,91,821
geocities.jp/,88,76,3.8s,4.1s,16,78
ebay.co.uk/,76,77,1.4s,3.7s,139,1.76
hatena.ne.jp/,41,59,4.8s,7.0s,300,4.16
seesaa.net/,72,56,5.1s,5.9s,71,492
badoo.com/,96,88,2.3s,2.9s,26,1.08
126.com/,85,69,6.1s,7.4s,67,1.38
paipai.com/,37,66,8.0s,9.1s,30,3.86
avg.com/,60,57,3.6s,4.7s,146,1.39
odnoklassniki.ru/,64,62,6.3s,12.7s,276,2.45
free.fr/,56,76,7.9s,8.6s,65,2.54
infoseek.co.jp/,29,40,12.0s,12.5s,395,2.26
zynga.com/,65,84,2.0s,2.3s,100,8.27
depositfiles.com/,66,71,5.9s,6.1s,18,744
metacafe.com/,89,64,3.9s,5.9s,106,1.3
chase.com/,69,63,3.3s,8.0s,127,2.2
thepiratebay.org/,85,95,1.8s,1.8s,13,69.7
kakaku.com/,53,44,10.4s,11.1s,204,2.14
cctv.com/,27,48,8.6s,11.4s,209,9.7
optmd.com/,88,77,0.7s,1.0s,9,26.7
hotfile.com/,80,69,4.9s,5.6s,128,12.7
com.com/,68,75,2.1s,2.5s,34,1.02
ning.com/,68,61,3.8s,5.3s,142,1.9
ocn.ne.jp/,54,46,9.5s,10.4s,187,1.88
vk.com/,74,71,5.0s,6.0s,53,1.06
game2.com.cn/,21,57,12.7s,15.4s,135,3.95
youdao.com/,62,88,3.0s,3.1s,41,2.81
getpersonas.com/,84,95,2.1s,2.2s,30,1.46
tripadvisor.com/,85,84,1.7s,3.6s,213,587
nate.com/,74,71,6.6s,11.5s,90,683
livejournal.com/,46,63,5.6s,10.9s,186,2.41
soufun.com/,27,50,16.4s,18.2s,301,4.18
zedo.com/,75,68,2.4s,3.8s,104,1.55
thefreedictionary.com/,21,56,8.8s,21.9s,867,2.8
2ch.net/,41,58,4.6s,10.3s,238,1.16
tinypic.com/,84,93,0.8s,0.9s,10,200
java.com/,93,76,1.1s,3.3s,41,261
narod.ru/,81,66,7.2s,7.4s,74,1.33
xici.net/,0,68,14.1s,14.4s,86,10.6
walmart.com/,49,54,4.8s,24.3s,221,2.19
114la.com/,53,58,11.9s,12.0s,132,1.61
joy.cn/,20,73,12.6s,13.9s,71,4.06
addthis.com/,90,92,6.1s,9.9s,64,712
globo.com/,73,55,7.7s,11.8s,159,1.55
360.cn/,40,85,6.3s,7.5s,164,3.7
cocolog-nifty.com/,89,78,1.8s,2.0s,20,667
netflix.com/,81,81,1.8s,1.9s,28,2.08
target.com/,77,67,4.2s,4.4s,82,1.84
58.com/,77,75,6.4s,6.7s,59,1.08
cyworld.com/,48,50,21.7s,22.4s,76,2.24
tom.com/,52,58,4.2s,8.7s,71,1.31
amazon.de/,51,69,3.5s,6.7s,369,4.07
netlog.com/,93,97,0.9s,1.1s,4,237
amazon.co.uk/,53,68,3.6s,6.7s,346,3.87
reference.com/,46,64,1.9s,5.8s,211,2.13
douban.com/,63,63,5.9s,6.2s,96,1.9
eastmoney.com/,53,52,12.5s,14.6s,130,1.78
livedoor.com/,74,71,2.6s,4.9s,50,710
hexun.com/,23,44,20.4s,23.4s,152,5.03
liveperson.net/,62,55,6.9s,11.1s,141,3.4
7k7k.com/,59,43,14.3s,16.1s,209,2.62
miniclip.com/,63,69,3.5s,8.1s,213,3.96
so-net.ne.jp/,33,39,8.8s,12.4s,335,2.12
39.net/,41,52,22.7s,28.4s,204,2.27
nih.gov/,86,62,2.8s,3.1s,57,0.98
sakura.ne.jp/,47,43,7.3s,8.0s,190,2.55
rambler.ru/,41,57,6.5s,14.8s,380,2.56
reuters.com/,21,40,22.5s,44.2s,654,6.18
kugou.com/,76,69,9.8s,12.5s,74,799
mixi.jp/,39,54,9.9s,14.8s,387,2.86
terra.com.br/,67,62,3.7s,9.1s,293,1.53
tripod.com/,72,60,1.8s,2.1s,63,652
mcafee.com/,73,60,3.4s,5.2s,116,5.51
att.com/,70,75,4.9s,9.1s,198,3.04
weather.com.cn/,44,67,18.1s,19.1s,86,2.62
tagged.com/,88,65,1.2s,1.4s,46,720
2345.com/,37,53,43.2s,51.5s,195,2.29
zing.vn/,35,50,15.0s,16.2s,247,4.17
exblog.jp/,33,54,7.1s,7.2s,138,2.61
chinamobile.com/,97,77,43.1s,43.5s,20,160
expedia.com/,60,42,4.5s,7.9s,330,3.16
ameba.jp/,77,75,3.8s,4.6s,70,821
tinyurl.com/,27,65,2.2s,23.4s,642,7.82
chinanews.com.cn/,33,45,5.3s,6.0s,168,3.46
commentcamarche.net/,75,72,3.5s,7.6s,100,1.23
allabout.co.jp/,65,45,7.0s,8.6s,237,2.22
taringa.net/,8,59,20.6s,22.4s,295,8.87
nicovideo.jp/,42,40,11.2s,14.7s,405,2.79
domaintools.com/,68,77,6.0s,9.4s,92,16.8
excite.co.jp/,22,57,13.8s,19.3s,291,3.81
autohome.com.cn/,28,60,22.0s,22.4s,382,6.07
typepad.com/,92,78,4.3s,4.6s,53,4.96
ezinearticles.com/,84,82,2.5s,2.6s,25,369
shopping.com/,90,95,1.0s,2.1s,33,972
deviantart.com/,75,75,8.1s,8.5s,80,1.91
marketgid.com/,67,69,6.5s,7.2s,85,1.61
ikea.com/,85,86,0.9s,1.6s,24,450
yomiuri.co.jp/,26,47,7.3s,11.4s,366,3.15
maktoob.com/,38,45,9.7s,12.0s,511,1.44
web.de/,77,70,5.9s,10.0s,207,1.49
alimama.com/,69,74,40.5s,44.2s,104,2.76
ynet.com/,76,69,4.2s,4.3s,87,3.51
softpedia.com/,28,57,8.1s,14.2s,522,1.68
china.com/,51,48,6.8s,10.9s,177,2.41
6.cn/,53,66,7.9s,13.2s,97,4.15
5599.net/,38,53,43.5s,48.4s,228,2.44
cntv.cn/,24,56,8.0s,11.6s,211,13.3
booking.com/,68,75,3.4s,9.3s,157,1.73
orange.fr/,81,61,7.8s,12.1s,154,1.42
verycd.com/,69,57,39.7s,44.3s,122,1.05
multiply.com/,24,84,5.0s,8.8s,89,3.77
comcast.net/,48,60,5.2s,11.9s,274,1.84
skycn.com/,72,68,7.4s,8.0s,121,977
libero.it/,52,76,2.4s,24.5s,314,1.56
onet.pl/,92,67,5.1s,6.6s,68,0.97
rediff.com/,34,88,2.2s,24.2s,585,2.3
americanexpress.com/,68,75,3.5s,24.3s,117,912
dailymail.co.uk/,28,40,16.5s,29.8s,697,4.31
alot.com/,44,57,5.0s,6.4s,211,3.69
nasza-klasa.pl/,76,67,5.9s,6.9s,65,944
pchome.net/,0,65,15.9s,23.4s,178,32.3
51job.com/,55,69,14.4s,17.8s,74,1.32
okwave.jp/,62,57,8.0s,9.4s,153,1.54
70yx.com/,59,59,65.0s,65.3s,54,1.9
rakuten.ne.jp/,28,49,9.6s,22.2s,814,5.3
nikkeibp.co.jp/,59,54,7.3s,14.2s,109,14.2
mlb.com/,31,53,6.9s,33.3s,623,9.47
huffingtonpost.com/,18,43,22.0s,44.1s,1313,4.78
bestbuy.com/,69,93,0.8s,3.7s,138,799
freelotto.com/,99,98,104ms,172ms,3,12.2
yahoo.net/,41,46,8.5s,14.3s,528,2.3
docstoc.com/,99,99,17.3s,18.6s,2,83
csdn.net/,56,62,9.6s,13.6s,243,3.99
digg.com/,40,75,3.0s,21.3s,324,3.09
macromedia.com/,54,69,5.5s,9.0s,140,1.36
tumblr.com/,23,71,3.8s,4.0s,80,6.9
twitpic.com/,98,99,80ms,176ms,3,13.4
impress.co.jp/,63,69,7.1s,7.8s,50,2.72
foxsports.com/,31,48,7.6s,8.5s,254,4.86
wikia.com/,75,61,3.6s,8.2s,135,2.35
t-online.de/,35,48,12.3s,17.6s,451,2.81
verizonwireless.com/,66,68,2.5s,9.5s,151,4.93
justin.tv/,59,67,8.1s,11.0s,157,3.06
ups.com/,66,57,3.5s,5.5s,131,2
wp.pl/,80,66,8.7s,9.5s,111,1.82
docin.com/,67,70,5.1s,5.8s,54,675
pdfqueen.com/,98,94,0.6s,1.6s,14,160
dangdang.com/,68,69,7.6s,10.8s,98,2.66
focus.cn/,52,64,16.2s,16.5s,152,2.8
ziddu.com/,79,72,2.4s,2.7s,49,1.06
hubpages.com/,89,89,3.1s,3.2s,126,741
kioskea.net/,99,99,321ms,486ms,2,33
babylon.com/,75,73,3.9s,4.0s,33,767
last.fm/,72,80,1.3s,4.5s,140,3.68
wellsfargo.com/,74,68,3.7s,5.9s,88,1.23
gmx.net/,76,71,6.1s,14.6s,217,2.12
friendster.com/,94,96,2.0s,2.5s,4,141
wsj.com/,30,41,16.1s,27.2s,620,5.55
slideshare.net/,97,94,3.0s,4.2s,30,478
foxnews.com/,15,42,17.1s,28.5s,693,10.6
ganji.com/,83,68,10.5s,10.9s,91,962
iza.ne.jp/,19,46,13.4s,18.0s,671,2.7
51.com/,42,64,9.7s,9.9s,102,7.03
metrolyrics.com/,36,46,12.0s,15.4s,603,3.11
yesky.com/,73,65,5.3s,5.5s,124,1.08
usps.com/,70,72,4.8s,5.0s,111,1.41
mainichi.jp/,29,45,9.6s,14.6s,298,2.97
irs.gov/,68,73,3.4s,4.1s,99,1.62
bigpoint.com/,95,80,2.9s,3.1s,58,2.13
china.com.cn/,10,47,87.4s,87.5s,181,7.2
iciba.com/,78,73,3.0s,7.0s,45,503
hulu.com/,56,59,4.9s,7.0s,147,2.49
gmarket.co.kr/,35,56,14.6s,15.8s,202,7.16
tabelog.com/,0,45,18.0s,19.3s,293,13.3
gamespot.com/,49,71,8.3s,26.5s,351,3.38
symantec.com/,81,78,2.4s,3.5s,54,2.28
nokia.com/,72,60,6.6s,7.3s,84,2.31
pcpop.com/,65,63,7.9s,10.6s,72,1.51
pptv.com/,58,57,13.7s,30.7s,213,10.4
telegraph.co.uk/,54,45,8.0s,11.5s,298,2.69
duowan.com/,86,71,7.8s,8.1s,71,3.25
joins.com/,48,54,9.5s,9.9s,88,12.6
wordreference.com/,97,85,1.0s,1.3s,12,85.4
ign.com/,52,49,5.9s,6.5s,275,2.44
huanqiu.com/,43,68,12.3s,12.5s,116,4.47
aweber.com/,46,65,3.4s,3.6s,84,2.87
guardian.co.uk/,48,70,7.7s,21.3s,381,2.87
samsung.com/,61,63,5.9s,11.4s,157,2.76
skyrock.com/,47,69,4.5s,20.1s,399,3.17
sun.com/,55,62,3.6s,7.1s,162,1.62
the2009.cn/,99,95,1.2s,1.3s,4,15.4
musica.com/,58,85,1.0s,30.9s,279,703
icq.com/,25,74,4.4s,5.1s,49,6.52
allegro.pl/,45,59,9.8s,13.6s,290,2.46
virgilio.it/,48,62,3.1s,16.1s,369,5.98
nhk.or.jp/,29,84,1.5s,3.5s,87,3.08
linekong.com/,86,70,6.1s,9.5s,54,3.63
hudong.com/,56,75,10.7s,11.0s,32,4.94
comcast.com/,49,65,3.6s,7.2s,274,1.8
pcauto.com.cn/,58,59,10.6s,10.7s,114,1.42
sponichi.co.jp/,0,39,13.4s,15.3s,520,17.4
isohunt.com/,80,69,4.9s,5.5s,128,12.7
traviangames.com/,85,86,5.1s,6.7s,33,1.65
zimbio.com/,28,63,4.7s,14.6s,542,3.32
robtex.com/,91,82,3.4s,4.0s,37,571
wretch.cc/,22,35,14.1s,19.0s,863,5.36
japanpost.jp/,74,75,3.6s,4.4s,145,2.9
onlinedown.net/,35,60,12.0s,12.6s,179,4
godaddy.com/,75,87,0.7s,7.6s,155,1.02
vimeo.com/,33,62,4.9s,5.3s,180,7.94
qidian.com/,55,65,13.4s,14.7s,98,1.64
mapion.co.jp/,45,49,8.4s,9.9s,402,2.15
washingtonpost.com/,21,54,15.8s,19.3s,349,5.17
118114.cn/,37,60,4.4s,4.7s,36,2.5
ieaddons.com/,71,64,10.4s,18.6s,17,462
wikimapia.org/,84,78,3.3s,3.7s,62,1.52
jiayuan.com/,52,61,7.7s,7.9s,114,1.95
sanspo.com/,16,45,13.8s,16.4s,710,2.7
whitepages.com/,97,93,1.0s,1.9s,11,25
yelp.com/,69,85,5.0s,5.0s,96,1.7
real.com/,94,73,1.3s,1.4s,43,964
bizrate.com/,74,66,1.1s,3.1s,99,1.14
amazon.cn/,52,69,9.2s,22.0s,238,4.79
hc360.com/,32,58,27.1s,27.4s,844,8.9
17173.com/,72,56,26.7s,27.6s,174,1.96
ineedfile.com/,93,79,1.5s,1.8s,24,183
360buy.com/,34,63,7.5s,10.8s,199,2.28
8684.cn/,78,69,10.0s,14.2s,55,364
pplive.com/,58,57,12.6s,30.8s,198,4.45
over-blog.com/,31,57,6.7s,9.0s,173,3.92
baixaki.com.br/,54,70,2.1s,19.8s,268,1.97
beemp3.com/,95,82,2.6s,3.5s,22,612
cnzz.com/,47,68,7.8s,10.2s,135,2.85
usatoday.com/,13,47,34.7s,66.6s,1075,2.24
tenpay.com/,90,77,23.2s,23.4s,45,456
asahi.com/,18,44,11.6s,27.1s,592,4.5
surveymonkey.com/,67,67,3.6s,4.3s,104,1.26
21cn.com/,72,63,6.8s,8.0s,68,1.07
nba.com/,48,44,11.1s,12.9s,272,2.46
informer.com/,93,78,0.9s,1.0s,15,118
intuit.com/,69,64,2.4s,3.9s,93,1.65
letitbit.net/,100,97,1.2s,2.5s,13,287
plala.or.jp/,34,51,7.3s,8.5s,135,5.62
homedepot.com/,37,59,3.4s,15.7s,235,6.88
ctrip.com/,83,58,11.3s,11.8s,131,1.49
opera.com/,78,76,2.3s,2.9s,61,2.02
37cs.com/,81,76,6.9s,7.3s,41,1.33
jiji.com/,29,52,10.9s,16.0s,593,3.71
ucoz.ru/,77,63,4.6s,7.5s,67,1.52
webmd.com/,36,47,21.8s,29.2s,593,5.21
sonico.com/,84,91,2.6s,10.9s,115,1.06
avast.com/,54,61,6.5s,7.7s,172,4.54
linternaute.com/,73,62,5.8s,10.1s,184,2.72
letv.com/,58,69,13.5s,13.8s,47,4.47
ip138.com/,86,70,3.5s,3.6s,14,150
careerbuilder.com/,79,72,4.5s,5.2s,91,1.31
ibm.com/,57,45,5.7s,6.9s,169,2.98
associatedcontent.com/,40,47,6.9s,14.1s,495,2.36
gnavi.co.jp/,13,69,12.5s,13.1s,150,9.6
rincondelvago.com/,43,53,7.2s,12.0s,304,4.02
indiatimes.com/,83,76,3.9s,5.1s,118,1.78
veoh.com/,86,71,3.4s,3.5s,66,1.16
dtiblog.com/,89,74,1.0s,1.0s,14,133
zylom.com/,65,52,2.1s,2.3s,91,2.42
monografias.com/,65,69,1.9s,15.9s,221,877
auction.co.kr/,38,52,4.3s,4.5s,165,3.14
fedex.com/,71,73,4.0s,4.1s,45,1.13
liveinternet.ru/,61,56,7.6s,10.5s,99,966
koubei.com/,98,90,2.5s,3.2s,17,378
game2.cn/,21,57,17.3s,19.9s,134,3.95
squidoo.com/,89,89,2.0s,2.1s,126,742
teacup.com/,68,63,5.0s,5.2s,44,1.09
addictinggames.com/,90,88,2.8s,5.0s,131,1.51
filehippo.com/,44,59,7.0s,26.0s,407,1.66
sdo.com/,59,69,15.1s,28.3s,95,5.32
ustream.tv/,47,43,10.3s,22.7s,226,13.1
tistory.com/,30,76,7.5s,8.7s,84,9.4
115.com/,89,75,3.9s,4.2s,29,823
liutilities.com/,96,85,1.4s,1.8s,25,288
jalan.net/,18,51,7.1s,10.2s,448,3.36
webs.com/,79,75,1.7s,2.1s,72,730
naqigs.com/,44,50,4.6s,5.5s,96,4.23
it168.com/,72,65,8.9s,9.1s,69,1.38
etology.com/,37,51,4.5s,5.0s,163,8.47
everesttech.net/,57,69,3.5s,7.2s,132,1.36
intelius.com/,80,69,4.8s,6.3s,76,3.35
sina.com/,80,66,2.7s,3.3s,70,739
pomoho.com/,64,75,5.1s,5.3s,25,1.21
serving-sys.com/,84,98,0.6s,0.7s,3,168
sciencedirect.com/,95,94,1.1s,3.4s,26,770
ccbill.com/,97,97,0.7s,1.7s,24,288
incredimail.com/,94,96,308ms,459ms,7,67.3
capitalone.com/,76,56,6.1s,6.6s,90,1.51
yellowpages.com/,81,71,2.6s,2.9s,74,835
geocities.co.jp/,88,76,3.6s,3.8s,16,78
ebay.it/,77,68,2.1s,6.5s,137,1.98
glispa.com/,34,56,5.0s,6.2s,87,3.69
hotels.com/,60,82,2.3s,5.5s,155,1.24
opendns.com/,42,57,2.4s,4.4s,96,2.48
engadget.com/,23,43,8.6s,11.8s,654,3.42
chosun.com/,7,44,11.4s,16.2s,324,8.05
y8.com/,71,71,3.4s,4.9s,138,2.37
ourtoolbar.com/,98,93,447ms,0.5s,5,71.8
oricon.co.jp/,54,48,6.4s,7.5s,153,1.83
downloadhelper.net/,99,93,1.3s,1.5s,23,459
oyunlar1.com/,57,67,2.0s,3.2s,175,1.26
vector.co.jp/,71,60,3.7s,3.9s,67,497
cmbchina.com/,57,59,6.4s,7.1s,93,1.05
farmville.com/,93,94,1.8s,1.9s,35,930
120ask.com/,56,69,9.2s,9.4s,124,4.33
chip.de/,56,50,10.6s,12.2s,250,1.54
atwiki.jp/,82,82,2.6s,3.1s,45,664
zhaopin.com/,75,63,7.7s,8.0s,107,1.87
freeonlinegames.com/,57,71,2.7s,7.5s,315,4.01
wordpress.org/,88,87,1.1s,1.5s,28,1.05
latimes.com/,58,53,4.6s,9.2s,244,2.18
fotolog.com/,96,85,2.9s,4.6s,47,909
mp3raid.com/,80,68,1.2s,2.8s,68,1.06
boston.com/,39,52,7.5s,8.1s,356,1.96
mobile.de/,60,63,6.6s,7.7s,164,2.33
aufeminin.com/,83,74,2.6s,14.8s,72,1.66
wikihow.com/,88,94,2.5s,12.3s,85,593
11st.co.kr/,52,57,9.8s,9.9s,229,2.1
yaplog.jp/,93,95,0.7s,1.0s,4,29.4
merriam-webster.com/,38,56,9.5s,10.8s,424,2.61
itmedia.co.jp/,70,48,9.6s,11.1s,228,1.89
cookpad.com/,54,56,9.9s,12.5s,278,1.48
mercadolivre.com.br/,88,89,1.4s,4.5s,79,1.03
tu.tv/,99,99,384ms,0.6s,2,1.05
wauee.com/,99,99,0.6s,0.8s,2,7.45
priceline.com/,85,75,7.2s,10.9s,64,1.83
zshare.net/,98,90,1.2s,1.6s,9,123
qunar.com/,51,60,10.8s,13.0s,155,2.81
ryanair.com/,80,78,4.6s,7.4s,105,838
interia.pl/,62,61,5.8s,12.4s,239,3.39
ig.com.br/,42,53,7.9s,10.5s,383,3.42
monster.com/,70,84,1.7s,6.0s,176,1.82
archive.org/,69,66,2.7s,2.7s,59,881
alice.it/,29,38,11.7s,13.3s,338,2.93
xinmin.cn/,0,58,11.3s,13.7s,122,15
fixya.com/,43,51,10.7s,11.8s,312,1.39
nikkansports.com/,40,46,9.9s,13.9s,357,2.04
funshion.com/,72,71,11.3s,13.6s,97,1.97
sears.com/,54,48,4.6s,8.1s,277,2.25
bild.de/,37,45,14.3s,19.7s,426,25.2
ebay.fr/,71,71,2.0s,5.0s,127,2.37
iminent.com/,72,66,5.1s,5.2s,66,3.05
uploading.com/,98,96,1.1s,1.2s,4,219
baofeng.com/,92,83,6.4s,6.7s,18,394
1ting.com/,72,52,9.3s,13.4s,131,718
kuwo.cn/,53,73,5.5s,6.3s,50,2.54
bitauto.com/,11,56,17.6s,19.8s,426,9.27
tiexue.net/,26,45,24.8s,35.3s,597,4.68
mpnrs.com/,99,97,0.5s,0.7s,3,5.27
nowdownloadall.com/,94,83,1.4s,1.6s,19,175
southwest.com/,59,67,3.7s,8.7s,157,1.8
ce.cn/,29,54,5.7s,5.8s,108,3.64
in.com/,22,44,53.3s,73.1s,625,13.9
allrecipes.com/,24,42,20.4s,48.7s,794,3.57
travelocity.com/,59,41,11.6s,18.1s,313,2.78
people.com/,24,35,39.2s,62.5s,865,7.58
timesonline.co.uk/,44,53,7.8s,18.6s,367,3.64
dealtime.com/,90,95,0.9s,2.0s,33,972
ticketmaster.com/,62,66,11.5s,28.3s,164,3.12
mtv.com/,47,50,4.5s,15.9s,309,2.22
gazeta.pl/,57,50,13.0s,14.6s,218,3.88
bin-layer.de/,94,80,1.2s,1.3s,25,197
9wee.com/,71,73,4.2s,5.8s,48,1.69
donga.com/,37,36,14.2s,14.7s,268,2.95
lowes.com/,90,77,2.2s,6.2s,20,240
fanpop.com/,43,50,7.0s,7.8s,321,4.29
cnxad.com/,57,69,5.0s,5.2s,44,1.03
angelfire.com/,86,76,1.6s,1.7s,22,458
blackberry.com/,58,63,4.6s,7.0s,147,1.41
01net.com/,24,42,13.1s,35.9s,625,8.1
wunderground.com/,39,77,3.0s,8.8s,361,2.57
news.cn/,22,45,7.0s,9.4s,323,7.9
sapo.pt/,47,54,9.2s,11.1s,219,2.68
nydailynews.com/,32,45,12.0s,26.7s,589,4.69
mtime.com/,62,55,9.4s,11.1s,133,5.79
univision.com/,42,52,16.5s,20.1s,392,2.92
sfr.fr/,71,78,9.2s,13.0s,99,2.21
winamp.com/,70,71,3.8s,4.2s,33,1.28
webshots.com/,42,80,3.3s,5.4s,54,2.65
enet.com.cn/,79,74,3.0s,3.2s,25,466
made-in-china.com/,85,74,2.1s,2.8s,66,1.47
constantcontact.com/,52,46,5.4s,6.2s,178,3.5
examiner.com/,56,51,61.7s,65.8s,193,3.4
pandora.tv/,0,44,16.0s,16.3s,332,9.7
abril.com.br/,40,81,1.1s,6.3s,87,2.4
indeed.com/,84,77,1.4s,4.3s,48,651
overstock.com/,76,74,2.4s,5.6s,135,1.4
xywy.com/,32,50,36.2s,36.3s,130,3.44
gizmodo.com/,33,51,11.4s,13.3s,498,5.18
wiktionary.org/,91,76,0.7s,0.8s,23,105
shinobi.jp/,80,73,4.5s,5.3s,50,553
pandora.com/,100,99,147ms,351ms,3,25.3
dianping.com/,87,69,4.6s,10.8s,63,25.3
repubblica.it/,73,63,9.5s,9.6s,99,1.04
360doc.com/,21,55,5.9s,6.0s,141,4.2
duote.com/,15,56,12.6s,16.8s,401,5.52
176.com/,77,68,3.9s,6.5s,47,1.77
intel.com/,66,77,1.5s,6.2s,120,1.3
accountonline.com/,43,49,4.9s,8.7s,225,2.1
altervista.org/,78,80,1.9s,4.4s,52,765
rapid-downloads.com/,94,83,1.9s,2.1s,19,175
xe.com/,60,50,13.6s,18.5s,301,4.01
pixnet.net/,45,63,8.6s,10.0s,230,1.88
ebuddy.com/,90,90,1.5s,1.7s,11,1.06
radikal.ru/,17,40,13.1s,14.5s,535,2.98
jcpenney.com/,58,67,6.8s,14.8s,315,4.38
armorgames.com/,25,50,11.7s,12.6s,593,3.48
information.com/,22,81,5.2s,5.9s,30,4.89
downloadcave.com/,99,98,333ms,369ms,3,1.42
orbitz.com/,55,41,7.8s,10.2s,350,2.65
ca.gov/,50,67,3.4s,4.3s,123,3.56
zaycev.net/,49,50,12.3s,14.4s,284,3.51
imvu.com/,79,73,3.2s,6.2s,98,10.1
rian.ru/,61,44,12.4s,13.9s,294,6.1
usagc.org/,95,95,0.6s,1.8s,7,99
metroflog.com/,83,70,6.2s,6.7s,145,1.94
medicinenet.com/,43,56,9.5s,47.3s,359,2.3
classmates.com/,57,66,2.7s,5.5s,191,1.21
windowsmedia.com/,66,64,4.6s,6.2s,59,1.06
detik.com/,42,46,29.2s,32.7s,447,3.6
mk.co.kr/,42,55,9.6s,10.0s,175,2.16
microsofttranslator.com/,96,92,0.9s,2.9s,45,348
verizon.net/,48,47,4.9s,9.9s,152,2.82
cartoonnetwork.com/,70,72,3.4s,4.1s,98,2.11
mt.co.kr/,18,51,14.1s,14.7s,156,4.35
rr.com/,96,97,301ms,498ms,5,84.6
fresheye.com/,55,47,7.4s,9.2s,180,644
stumbleupon.com/,94,91,492ms,0.6s,16,221
myvideo.de/,54,55,6.1s,8.7s,238,2.69
hotpepper.jp/,50,59,5.8s,8.8s,183,1.56
pcgames.com.cn/,77,68,7.5s,17.0s,78,1.11
costco.com/,54,55,13.5s,22.1s,270,5.25
uploaded.to/,65,71,2.7s,3.0s,54,457
xiaonei.com/,99,98,461ms,1.8s,2,1.52
24h.com.vn/,47,56,5.1s,10.9s,229,1.59
mafiawars.com/,68,84,2.7s,2.8s,86,3.25
priceminister.com/,55,60,4.1s,9.7s,140,2.74
w3.org/,76,86,2.4s,2.5s,38,419
nhaccuatui.com/,41,62,19.6s,20.4s,210,5.1
vnexpress.net/,30,67,8.7s,23.3s,540,2.78
foxnetworks.com/,72,68,1.9s,2.2s,49,500
freakshare.net/,96,91,0.6s,10.9s,22,270
rutracker.org/,56,57,16.7s,37.7s,176,3.8
elmundo.es/,67,65,3.5s,7.1s,124,2.18
torrentreactor.net/,70,65,6.2s,6.4s,50,1.26
best-price.com/,85,76,1.1s,1.7s,36,1.27
nasa.gov/,28,69,3.9s,5.1s,148,5.02
mdinfo.com/,95,89,13.8s,14.0s,19,260
limewire.com/,63,79,2.2s,3.0s,33,1.06
wer-kennt-wen.de/,32,46,24.6s,45.2s,554,10
nikkei.com/,51,50,4.0s,7.3s,218,817
gap.com/,62,80,2.9s,12.1s,241,1.85
wiley.com/,64,74,3.5s,6.0s,80,2.87
time.com/,48,60,3.7s,6.9s,240,3.13
elsevier.com/,57,65,2.5s,2.9s,65,2.37
howstuffworks.com/,30,76,4.2s,11.2s,462,1.89
agame.com/,74,61,2.8s,2.8s,119,1.39
che168.com/,34,66,7.3s,7.6s,109,4.01
corriere.it/,59,64,5.1s,20.2s,204,2.3
xorg.pl/,100,96,4.1s,4.3s,10,63.2
wachovia.com/,74,68,4.8s,6.7s,88,1.24
thesun.co.uk/,23,45,8.3s,17.4s,609,3.97
girlsgogames.com/,73,62,3.6s,4.0s,123,1.49
piriform.com/,82,69,4.6s,5.5s,85,2.01
rbc.ru/,44,46,15.0s,37.2s,422,3.13
spiegel.de/,89,69,4.6s,4.6s,52,1.2
tbs.co.jp/,43,74,7.1s,7.4s,96,2.84
europa.eu/,82,74,4.8s,5.0s,28,171
vancl.com/,48,72,7.9s,8.1s,118,7.19
citibank.com/,49,48,8.0s,11.2s,224,2.74
clubpenguin.com/,76,62,4.0s,4.3s,105,1.98
verizon.com/,44,57,2.6s,6.5s,167,1.92
forbes.com/,35,48,10.7s,28.8s,515,4.19
delta.com/,51,59,8.8s,26.2s,248,1.58
sky.com/,61,57,3.6s,20.1s,186,2.06
nikkei.co.jp/,52,50,3.8s,7.3s,217,816
norton.com/,66,57,2.5s,4.4s,128,1.54
rapid4me.com/,83,72,2.2s,2.5s,66,503
seznam.cz/,34,51,10.6s,11.1s,340,3
zoosk.com/,77,64,5.0s,5.5s,81,1.36
jstor.org/,87,72,2.0s,3.2s,50,928
19lou.com/,13,68,9.4s,12.3s,135,6.83
juegos.com/,75,62,3.2s,3.3s,117,1.21
easyjet.com/,33,68,5.9s,7.1s,158,4.18
hyves.nl/,76,81,1.8s,2.1s,38,1.26
cbsnews.com/,61,73,4.9s,21.8s,225,4.69
yoka.com/,39,60,9.9s,10.2s,175,7.68
mylife.com/,63,60,2.8s,3.9s,121,5.75
jrj.com.cn/,33,41,49.3s,52.6s,292,2.69
businessweek.com/,40,43,8.8s,9.6s,350,4.07
partypoker.it/,97,91,5.4s,7.0s,37,1.87
shop-pro.jp/,40,51,9.9s,11.7s,231,4.91
taleo.net/,54,63,3.8s,7.3s,178,1.67
dantri.com.vn/,35,44,31.1s,34.3s,180,5.97
pcworld.com/,51,44,14.4s,18.3s,411,4.91
xcar.com.cn/,48,49,75.5s,77.3s,203,4.04
chinaz.com/,68,60,13.5s,14.5s,104,1.24
nike.com/,52,54,12.8s,14.7s,219,7.89
ya.ru/,91,87,3.2s,4.4s,22,173
picnik.com/,93,85,462ms,1.3s,12,69.7
pchome.com.tw/,22,47,13.4s,16.1s,303,11
with2.net/,97,92,0.6s,0.7s,5,19.1
pogo.com/,96,96,0.8s,1.0s,36,753
fanbox.com/,96,87,1.2s,2.8s,29,734
95599.cn/,49,52,14.3s,14.9s,76,2.94
evite.com/,29,44,7.3s,11.4s,509,2.6
hankooki.com/,17,45,13.5s,36.2s,1702,18.5
stayfriends.de/,57,52,4.7s,9.1s,214,1.26
gutefrage.net/,86,78,3.9s,4.8s,75,1.46
logmein.com/,60,59,4.3s,5.3s,153,1.2
break.com/,63,57,32.1s,32.7s,126,3.38
mercadolibre.com.mx/,73,93,1.4s,2.8s,72,1.52
blogcu.com/,91,64,3.6s,3.8s,57,397
winzip.com/,68,59,2.3s,3.4s,86,1.11
bahn.de/,74,61,4.8s,5.1s,73,1.32
topshareware.com/,80,69,1.2s,1.4s,35,403
acer.com/,49,78,3.2s,3.6s,69,5.27
mynet.com/,51,55,6.5s,9.3s,277,1.83
urbandictionary.com/,18,49,9.2s,11.5s,799,2.36
sanook.com/,56,57,8.9s,10.0s,256,2.33
rayfile.com/,60,69,35.4s,36.4s,165,1.77
usenet.nl/,77,74,4.5s,5.8s,40,818
encyclopedia.com/,74,76,1.0s,1.9s,98,2.09
imagevenue.com/,38,79,1.7s,1.9s,14,1.43
qip.ru/,32,43,14.3s,18.3s,504,2.28
discovery.com/,0,43,5.8s,13.5s,403,15.8
yam.com/,91,77,3.9s,8.2s,135,1.28
265.com/,52,73,3.4s,6.2s,83,1.52
mashable.com/,32,59,3.5s,20.1s,500,3.01
me.com/,95,96,2.6s,6.0s,29,2.2
yandex.ua/,73,70,6.2s,15.6s,125,1.83
foodnetwork.com/,38,37,9.5s,12.7s,346,3.62
freewebs.com/,72,75,2.7s,3.1s,73,731
sonyericsson.com/,73,57,4.2s,5.4s,66,1.33
61.com/,66,86,5.8s,6.3s,88,4.6
articlesbase.com/,76,74,3.1s,5.3s,58,1.2
mufg.jp/,58,79,4.9s,5.0s,61,5.39
xrea.com/,49,66,6.6s,8.3s,108,2.41
cri.cn/,49,68,7.4s,8.4s,297,10.3
movies-links.tv/,81,77,2.9s,3.1s,29,251
match.com/,86,71,3.2s,4.4s,46,1.19
livescore.com/,37,72,2.3s,14.6s,350,4.81
zhcw.com/,30,57,7.7s,10.0s,176,3.93
ebay.com.au/,67,75,1.7s,12.8s,179,2.96
istockphoto.com/,60,77,1.8s,4.4s,118,2.34
speedtest.net/,27,47,11.3s,18.3s,644,3.37
sprint.com/,46,47,8.9s,17.5s,268,4.65
superpages.com/,92,89,1.9s,2.2s,33,750
infospace.com/,94,85,1.6s,3.3s,22,283
accuweather.com/,31,74,1.3s,8.1s,505,2.64
doctissimo.fr/,51,58,5.6s,9.0s,251,2.87
msn.com.cn/,42,74,4.0s,19.6s,266,1.2
t-mobile.com/,34,48,8.8s,26.7s,398,7.36
tuenti.com/,96,91,2.2s,2.4s,21,317
tmz.com/,20,38,21.5s,32.6s,793,13.2
otto.de/,45,62,2.6s,8.0s,242,1.85
gemius.pl/,77,65,3.8s,4.3s,54,714
shoplocal.com/,89,85,2.3s,5.2s,41,710
barnesandnoble.com/,77,68,9.2s,11.8s,130,2.44
pclady.com.cn/,33,68,7.4s,9.1s,82,3.6
ninemsn.com.au/,51,62,3.8s,6.5s,97,1.88
wanfangdata.com.cn/,51,47,71.5s,71.8s,89,2.22
pronto.com/,93,83,1.0s,2.4s,19,303
baixing.com/,92,78,5.7s,6.1s,35,367
worldstarhiphop.com/,56,55,2.1s,4.9s,95,1.28
yahoo.com.tw/,22,35,69.7s,70.8s,867,5.14
cnki.com.cn/,39,60,15.0s,15.4s,87,416
w3schools.com/,59,78,1.2s,3.3s,183,866
unlimited-downloads.biz/,96,93,2.6s,2.9s,12,165
carview.co.jp/,57,70,7.0s,9.8s,111,9.5
zjol.com.cn/,0,68,13.7s,14.0s,81,9.6
hinet.net/,34,57,7.5s,29.5s,958,5.71
buzzle.com/,91,83,1.7s,1.8s,21,163
schuelervz.net/,97,86,0.8s,2.0s,10,39.2
nationalgeographic.com/,29,56,13.8s,15.5s,288,8.18
local.com/,64,79,2.8s,6.1s,53,1.21
tv.com/,0,41,14.4s,20.7s,629,15.2
kaskus.us/,92,82,1.9s,5.5s,22,207
etsy.com/,66,65,4.2s,4.4s,93,1.27
eastday.com/,20,45,13.2s,13.6s,200,6.08
shumenol.com/,62,56,7.9s,8.3s,105,5.49
sendspace.com/,89,71,1.8s,2.1s,36,719
citysearch.com/,91,84,0.7s,0.8s,24,196
zaobao.com/,59,52,7.7s,11.8s,205,3.81
ed.gov/,74,59,3.4s,3.5s,44,530
irctc.co.in/,61,69,11.2s,23.2s,207,3.06
downtr.net/,98,91,1.1s,1.2s,13,112
playstation.com/,2,58,4.3s,5.9s,139,10.1
elpais.com/,33,59,7.9s,23.7s,333,2.87
utorrent.com/,72,56,2.7s,3.0s,60,2.81
blogmura.com/,37,39,13.2s,15.3s,503,3.1
mapbar.com/,90,82,10.6s,12.9s,38,234
readnovel.com/,61,72,7.4s,8.8s,69,1.71
m1905.com/,80,68,5.8s,5.9s,33,892
marriott.com/,48,48,9.2s,16.2s,299,3.58
popeater.com/,100,95,0.5s,0.6s,6,65.2
jsoftj.com/,71,58,26.2s,26.6s,172,1.18
tweetmeme.com/,87,79,1.7s,1.9s,10,372
hm.com/,98,99,444ms,0.8s,12,482
travelzoo.com/,81,73,7.6s,12.0s,55,14.4
torrentdownloads.net/,89,88,1.7s,1.8s,59,143
izlesene.com/,76,81,4.2s,12.9s,141,1.36
studivz.net/,92,80,2.6s,4.2s,44,650
kayak.com/,82,76,3.2s,6.4s,77,1.1
zappos.com/,72,76,3.5s,7.1s,129,1.41
realtor.com/,48,76,2.8s,16.0s,278,3.14
abchina.com/,49,52,8.7s,9.0s,76,2.93
hurra.com/,64,65,6.2s,10.1s,131,5.48
aa.com/,49,54,8.1s,15.9s,225,1.68
uuu9.com/,19,48,11.6s,16.8s,427,6.42
cricinfo.com/,58,67,2.8s,7.8s,247,1.92
52pk.com/,0,57,6.2s,6.3s,206,10.8
searchignite.com/,99,99,420ms,0.5s,3,1.03
chinadaily.com.cn/,0,51,7.3s,8.3s,209,8.43
newegg.com/,22,70,5.6s,28.0s,756,4.2
timeanddate.com/,67,87,2.1s,14.9s,216,3.67
direct.gov.uk/,100,98,0.8s,0.8s,24,283
pctools.com/,57,55,4.1s,9.5s,176,1.78
27.cn/,96,82,1.8s,2.0s,9,214
tgbus.com/,33,67,15.4s,15.7s,410,11.5
fc2web.com/,67,71,1.0s,1.2s,31,86.8
mozdev.org/,79,70,0.8s,0.9s,35,278
marca.com/,74,70,5.1s,6.2s,119,1.92
udn.com/,71,61,17.8s,21.4s,298,5
amazon.fr/,55,70,3.7s,14.0s,277,3.21
weblio.jp/,72,59,5.3s,7.4s,126,1.12
changyou.com/,93,76,1.5s,1.7s,20,365
daily.co.jp/,34,53,9.5s,16.2s,397,2.4
thefind.com/,87,90,5.3s,6.1s,60,1.18
nttdocomo.co.jp/,41,48,6.7s,7.4s,250,2.6
kohls.com/,33,68,3.7s,19.2s,580,6.62
walkerplus.com/,29,51,11.4s,12.4s,326,2.74
babycenter.com/,15,58,7.9s,9.6s,327,7.45
ow.ly/,69,56,4.1s,4.5s,78,1.05
toocle.com/,89,82,2.7s,3.3s,8,118
webcrawler.com/,95,89,2.1s,3.9s,19,271
stackoverflow.com/,95,90,1.6s,1.6s,52,409
ekolay.net/,18,55,9.0s,21.4s,782,4.5
kuronekoyamato.co.jp/,83,78,3.4s,3.6s,21,1.13
vzw.com/,66,68,2.2s,7.7s,151,4.93
buzznet.com/,31,55,2.8s,23.1s,777,3.73
wetter.com/,4,36,65.7s,137.8s,2452,10.3
dospy.com/,17,65,14.3s,14.7s,133,5.45
fidelity.com/,56,65,2.9s,8.1s,161,2.36
gismeteo.ru/,74,63,7.1s,11.9s,134,1.05
ft.com/,78,72,2.4s,4.6s,178,1.82
freedownloadscenter.com/,69,84,1.4s,1.5s,52,871
bidders.co.jp/,88,74,1.2s,1.5s,18,103
tesco.com/,84,70,2.3s,3.5s,70,1.74
azlyrics.com/,45,49,9.8s,12.2s,296,1.58
legacy.com/,34,75,3.3s,3.9s,94,3.3
tf1.fr/,78,73,4.1s,8.4s,111,1.57
nhl.com/,33,43,13.7s,17.8s,441,5.34
mycom.co.jp/,37,68,7.5s,8.9s,119,3.06
rtl.de/,32,47,16.1s,35.1s,580,11.7
hankyung.com/,20,51,10.5s,12.7s,242,4.7
edeng.cn/,72,66,7.9s,11.6s,40,685
immobilienscout24.de/,62,54,5.3s,6.4s,167,3.1
gigazine.net/,58,61,10.2s,12.0s,237,2.33
marketwatch.com/,34,38,10.9s,14.5s,491,3.29
xuite.net/,47,63,13.2s,28.7s,231,2.71
techcrunch.com/,28,50,10.8s,16.0s,590,3.96
inowdownload.com/,86,82,2.3s,5.6s,22,266
kooora.com/,51,55,8.8s,14.5s,288,3.08
zdnet.com/,14,86,0.9s,19.0s,445,6.53
causes.com/,76,76,4.3s,5.4s,54,1.66
imagebam.com/,74,70,1.3s,1.4s,22,270
thesaurus.com/,34,54,8.0s,8.9s,398,1.06
boc.cn/,60,75,14.6s,15.2s,79,595
kapook.com/,56,53,6.3s,7.6s,213,3.11
argos.co.uk/,76,79,1.7s,6.8s,132,1.48
kp.ru/,32,46,14.9s,36.4s,564,6.08
uniblue.com/,93,82,1.8s,5.1s,18,68.3
boosj.com/,54,62,8.9s,14.5s,100,12.7
meebo.com/,98,96,181ms,241ms,4,5.09
redtram.com/,91,75,4.3s,5.0s,72,643
qianlong.com/,57,62,17.2s,17.5s,106,5.23
top100.cn/,54,78,5.0s,12.1s,36,46.6
ancestry.com/,58,86,2.6s,9.2s,244,1.29
pricegrabber.com/,82,64,1.0s,1.1s,50,816
pkr.com/,96,97,469ms,0.8s,9,24.5
php.net/,94,92,3.4s,3.9s,24,0.99
ea.com/,67,75,4.5s,7.4s,143,4.81
rutube.ru/,83,82,5.2s,12.2s,111,3.55
qingdaonews.com/,48,64,24.3s,26.4s,85,2.87
sbs.co.kr/,17,67,7.5s,8.5s,108,7.72
shvoong.com/,100,92,2.3s,2.3s,8,59.5
kaspersky.com/,57,68,7.2s,12.5s,179,2.53
bigfishgames.com/,49,52,5.6s,5.8s,167,7.49
xing.com/,97,84,3.7s,4.1s,33,873
sing365.com/,99,99,388ms,442ms,3,1.21
bloomberg.com/,50,43,9.3s,11.9s,332,3.22
asiae.co.kr/,35,52,16.2s,17.0s,278,2.94
aolnews.com/,19,48,17.5s,38.0s,821,7.61
picktorrent.com/,83,72,2.1s,2.3s,66,503
pixmania.com/,93,92,2.0s,2.5s,14,562
wired.com/,18,41,16.5s,18.2s,883,6.95
vatgia.com/,74,71,12.1s,14.7s,127,1.33
divx.com/,89,69,2.3s,2.4s,61,1.53
ana.co.jp/,31,46,9.0s,14.4s,422,2.31
fandango.com/,46,49,7.6s,9.5s,300,2.61
seoul.co.kr/,15,46,9.1s,11.4s,183,4.14
appspot.com/,80,97,3.1s,3.2s,22,554
bandoo.com/,82,71,3.6s,4.1s,64,3.25
city-data.com/,82,68,2.0s,2.2s,32,563
wisegeek.com/,90,73,2.0s,2.5s,37,751
ocnk.net/,28,47,7.9s,10.9s,296,6.86
hunantv.com/,93,73,5.2s,5.4s,24,697
kijiji.ca/,36,59,9.5s,10.8s,277,3.79
cnki.net/,42,58,11.8s,14.9s,79,1.48
panasonic.jp/,56,49,7.4s,11.0s,238,3.31
allocine.fr/,55,47,6.7s,9.1s,146,1.79
chinahr.com/,97,74,6.3s,7.8s,48,882
emagister.com/,52,61,4.8s,5.6s,195,2.23
manta.com/,75,71,1.9s,3.5s,89,940
rayli.com.cn/,0,51,19.5s,19.8s,238,24.2
asahi-net.or.jp/,80,71,4.9s,5.0s,61,1.85
dreamstime.com/,92,74,3.2s,3.8s,74,1.13
lastminute.com/,72,76,6.5s,11.6s,92,1.54
nick.com/,58,71,2.8s,3.3s,99,2.27
deezer.com/,81,88,3.3s,4.2s,35,1.47
bohelady.com/,0,66,7.1s,7.3s,87,11.5
esmas.com/,24,52,14.5s,20.2s,527,3.75
vente-privee.com/,95,87,2.4s,3.5s,23,528
lyricsmode.com/,33,61,3.1s,10.4s,435,1.42
findarticles.com/,84,78,1.3s,4.7s,44,1.51
47news.jp/,37,48,8.9s,10.9s,349,2.64
staples.com/,92,92,1.2s,2.3s,16,52.3
songs.pk/,69,75,2.6s,2.9s,103,862
bomb-mp3.com/,95,92,0.9s,1.1s,5,300
cqvip.com/,75,62,6.0s,12.1s,74,1.2
autoscout24.de/,68,55,4.9s,6.2s,186,2.15
victoriassecret.com/,63,91,1.2s,8.8s,158,3.99
acrobat.com/,58,68,5.7s,9.4s,143,1.74
national-lottery.co.uk/,57,81,4.5s,5.1s,117,1.18
mayoclinic.com/,73,66,3.0s,3.6s,95,1.49
zillow.com/,81,79,1.3s,3.2s,96,821
onemanga.com/,100,96,1.8s,2.4s,6,23.3
playsushi.com/,99,99,242ms,390ms,2,92
answerbag.com/,73,61,3.2s,3.8s,119,891
ukr.net/,62,62,9.3s,10.5s,209,1.76
citicards.com/,43,50,5.0s,8.5s,227,2.11
kaixin.com/,51,79,9.8s,14.1s,48,2.26
kbs.co.kr/,29,62,10.7s,13.9s,297,16.7
toysrus.com/,76,75,2.7s,3.5s,70,2.88
vertor.com/,99,88,0.8s,0.8s,14,137
mahalo.com/,38,68,4.2s,5.1s,100,11.2
hurriyet.com.tr/,18,55,9.2s,22.9s,775,4.42
mercadolibre.com.ar/,90,90,1.2s,3.5s,80,1.02
shangdu.com/,30,66,3.7s,3.9s,60,5.28
barbie.com/,26,60,5.3s,6.1s,117,5.54
interpark.com/,9,43,12.0s,33.6s,510,13
mizuhobank.co.jp/,67,65,4.3s,4.8s,58,475
hotwire.com/,67,71,4.3s,10.7s,212,2.18
kompas.com/,38,63,3.1s,8.6s,394,2.23
rising.com.cn/,45,63,4.0s,4.1s,38,1.63
blurtit.com/,86,78,5.5s,5.8s,120,1.03
newgrounds.com/,69,62,4.4s,4.7s,159,3.07
marktplaats.nl/,48,56,11.6s,17.3s,128,3.2
ringtonematcher.com/,80,75,4.3s,4.4s,28,636
goal.com/,35,43,8.4s,11.0s,455,2.75
xs8.cn/,48,70,8.3s,9.8s,73,2.65
mthai.com/,23,59,8.3s,10.7s,275,9.6
clarin.com/,53,62,3.9s,12.1s,299,2.29
openoffice.org/,86,77,1.5s,1.9s,26,162
ciao.de/,98,96,1.1s,2.3s,21,308
jal.co.jp/,39,45,8.0s,13.8s,488,6.28
lyrics007.com/,61,52,3.8s,13.7s,217,3.73
ovguide.com/,70,82,4.1s,4.3s,73,2.03
ultimate-guitar.com/,38,65,5.9s,13.1s,415,1.57
mobile01.com/,64,57,6.6s,8.0s,222,2.4
vdisk.cn/,84,79,7.4s,9.4s,12,209
buy.com/,54,47,0.9s,16.1s,305,6.11
computerbild.de/,45,50,11.4s,18.0s,292,2.6
usgs.gov/,64,66,3.1s,3.7s,42,4.19
te3p.com/,66,57,1.9s,2.2s,42,671
cooks.com/,94,88,2.3s,3.3s,21,222
mcssl.com/,62,57,3.0s,3.6s,73,436
reverso.net/,75,61,5.0s,10.1s,120,925
merchantcircle.com/,90,78,2.4s,2.5s,36,1.17
tiancity.com/,74,71,23.3s,23.7s,86,3.22
dropbox.com/,59,47,11.7s,17.3s,434,4.26
yfrog.com/,83,83,1.5s,1.6s,23,949
tiscali.it/,24,49,11.6s,24.9s,564,7.11
xbox.com/,51,54,4.7s,8.0s,204,4.8
easy-share.com/,99,99,0.5s,0.8s,2,3.55
gotomeeting.com/,49,52,8.1s,15.9s,227,3.71
download-gate.com/,28,51,9.0s,12.2s,568,3.82
nfl.com/,45,47,16.0s,21.3s,372,4.97
experts-exchange.com/,86,76,2.6s,3.7s,76,1.81
cool.ne.jp/,96,71,3.0s,3.2s,42,273
fx120.net/,65,67,5.9s,6.1s,75,1.43
ntv.co.jp/,41,54,7.1s,8.4s,134,2.71
meinvz.net/,92,74,2.5s,3.6s,52,766
king.com/,81,77,4.6s,5.7s,95,1.9
virginmedia.com/,43,58,6.6s,13.1s,156,3.89
youtube.com/,49,84,7.5s,10.5s,71,2.67
